rank,name,code,score,grade,reason,market,sector,changeRate,entryPrice,stopLoss,targetPrice,strategy,weeklyCloud,dailySignal,rsi,macd,volumeSignal,foreign5D,foreign20D,foreign60D,pension5D,pension20D,pension60D,trust5D,trust20D,trust60D,finance5D,finance20D,finance60D,reportSignal,newsSignal,riskMemo
1,SK하이닉스,000660,80,A,종가 기준 거래대금 상위 1 / 반도체·AI / 등락률 -14.57%,KOSPI,반도체·AI,-14.57%,"내일 시가 추격 금지, 장중 눌림 또는 전일 종가 지지 확인",전일 종가/단기 지지선 이탈,분할 익절,눌림목 대기: 오늘 종가 기준 내일 대응 후보,V306 minimal: 종가/거래대금 1차 선별,종가 기준 시장 강도 선별,후속 V307에서 차트지표 연결,후속 V307에서 차트지표 연결,거래대금 우선 선별,-,-,-,-,-,-,-,-,-,-,-,-,기존 리포트 엔진 병합 예정,기존 뉴스 엔진 병합 예정,종가 기준 변동성 확인
2,삼성전자,005930,80,A,종가 기준 거래대금 상위 2 / 반도체·AI / 등락률 -9.06%,KOSPI,반도체·AI,-9.06%,"내일 시가 추격 금지, 장중 눌림 또는 전일 종가 지지 확인",전일 종가/단기 지지선 이탈,분할 익절,눌림목 대기: 오늘 종가 기준 내일 대응 후보,V306 minimal: 종가/거래대금 1차 선별,종가 기준 시장 강도 선별,후속 V307에서 차트지표 연결,후속 V307에서 차트지표 연결,거래대금 우선 선별,-,-,-,-,-,-,-,-,-,-,-,-,기존 리포트 엔진 병합 예정,기존 뉴스 엔진 병합 예정,종가 기준 변동성 확인
3,KODEX 200,069500,76,B,종가 기준 거래대금 상위 3 / KOSPI 종가선별 / 등락률 -8.17%,KOSPI,KOSPI 종가선별,-8.17%,"내일 시가 추격 금지, 장중 눌림 또는 전일 종가 지지 확인",전일 종가/단기 지지선 이탈,분할 익절,눌림목 대기: 오늘 종가 기준 내일 대응 후보,V306 minimal: 종가/거래대금 1차 선별,종가 기준 시장 강도 선별,후속 V307에서 차트지표 연결,후속 V307에서 차트지표 연결,거래대금 우선 선별,-,-,-,-,-,-,-,-,-,-,-,-,기존 리포트 엔진 병합 예정,기존 뉴스 엔진 병합 예정,종가 기준 변동성 확인
4,KODEX 레버리지,122630,76,B,종가 기준 거래대금 상위 4 / KOSPI 종가선별 / 등락률 -15.98%,KOSPI,KOSPI 종가선별,-15.98%,"내일 시가 추격 금지, 장중 눌림 또는 전일 종가 지지 확인",전일 종가/단기 지지선 이탈,분할 익절,눌림목 대기: 오늘 종가 기준 내일 대응 후보,V306 minimal: 종가/거래대금 1차 선별,종가 기준 시장 강도 선별,후속 V307에서 차트지표 연결,후속 V307에서 차트지표 연결,거래대금 우선 선별,-,-,-,-,-,-,-,-,-,-,-,-,기존 리포트 엔진 병합 예정,기존 뉴스 엔진 병합 예정,종가 기준 변동성 확인
5,SK스퀘어,402340,76,B,종가 기준 거래대금 상위 5 / KOSPI 종가선별 / 등락률 -13.20%,KOSPI,KOSPI 종가선별,-13.20%,"내일 시가 추격 금지, 장중 눌림 또는 전일 종가 지지 확인",전일 종가/단기 지지선 이탈,분할 익절,눌림목 대기: 오늘 종가 기준 내일 대응 후보,V306 minimal: 종가/거래대금 1차 선별,종가 기준 시장 강도 선별,후속 V307에서 차트지표 연결,후속 V307에서 차트지표 연결,거래대금 우선 선별,-,-,-,-,-,-,-,-,-,-,-,-,기존 리포트 엔진 병합 예정,기존 뉴스 엔진 병합 예정,종가 기준 변동성 확인
6,삼성전기,009150,76,B,종가 기준 거래대금 상위 6 / KOSPI 종가선별 / 등락률 -12.65%,KOSPI,KOSPI 종가선별,-12.65%,"내일 시가 추격 금지, 장중 눌림 또는 전일 종가 지지 확인",전일 종가/단기 지지선 이탈,분할 익절,눌림목 대기: 오늘 종가 기준 내일 대응 후보,V306 minimal: 종가/거래대금 1차 선별,종가 기준 시장 강도 선별,후속 V307에서 차트지표 연결,후속 V307에서 차트지표 연결,거래대금 우선 선별,-,-,-,-,-,-,-,-,-,-,-,-,기존 리포트 엔진 병합 예정,기존 뉴스 엔진 병합 예정,종가 기준 변동성 확인
7,TIGER 미국S&P500,360750,88,A,종가 기준 거래대금 상위 7 / KOSPI 종가선별 / 등락률 0.03%,KOSPI,KOSPI 종가선별,0.03%,"내일 시가 추격 금지, 장중 눌림 또는 전일 종가 지지 확인",전일 종가/단기 지지선 이탈,분할 익절,진입 후보: 오늘 종가 기준 내일 대응 후보,V306 minimal: 종가/거래대금 1차 선별,종가 기준 시장 강도 선별,후속 V307에서 차트지표 연결,후속 V307에서 차트지표 연결,거래대금 우선 선별,-,-,-,-,-,-,-,-,-,-,-,-,기존 리포트 엔진 병합 예정,기존 뉴스 엔진 병합 예정,종가 기준 변동성 확인
8,KODEX 미국S&P500,379800,88,A,종가 기준 거래대금 상위 8 / KOSPI 종가선별 / 등락률 0.04%,KOSPI,KOSPI 종가선별,0.04%,"내일 시가 추격 금지, 장중 눌림 또는 전일 종가 지지 확인",전일 종가/단기 지지선 이탈,분할 익절,진입 후보: 오늘 종가 기준 내일 대응 후보,V306 minimal: 종가/거래대금 1차 선별,종가 기준 시장 강도 선별,후속 V307에서 차트지표 연결,후속 V307에서 차트지표 연결,거래대금 우선 선별,-,-,-,-,-,-,-,-,-,-,-,-,기존 리포트 엔진 병합 예정,기존 뉴스 엔진 병합 예정,종가 기준 변동성 확인
9,주성엔지니어링,036930,76,B,종가 기준 거래대금 상위 9 / KOSDAQ 종가선별 / 등락률 -5.99%,KOSDAQ,KOSDAQ 종가선별,-5.99%,"내일 시가 추격 금지, 장중 눌림 또는 전일 종가 지지 확인",전일 종가/단기 지지선 이탈,분할 익절,눌림목 대기: 오늘 종가 기준 내일 대응 후보,V306 minimal: 종가/거래대금 1차 선별,종가 기준 시장 강도 선별,후속 V307에서 차트지표 연결,후속 V307에서 차트지표 연결,거래대금 우선 선별,-,-,-,-,-,-,-,-,-,-,-,-,기존 리포트 엔진 병합 예정,기존 뉴스 엔진 병합 예정,종가 기준 변동성 확인
10,TIGER 200,102110,76,B,종가 기준 거래대금 상위 10 / KOSPI 종가선별 / 등락률 -7.86%,KOSPI,KOSPI 종가선별,-7.86%,"내일 시가 추격 금지, 장중 눌림 또는 전일 종가 지지 확인",전일 종가/단기 지지선 이탈,분할 익절,눌림목 대기: 오늘 종가 기준 내일 대응 후보,V306 minimal: 종가/거래대금 1차 선별,종가 기준 시장 강도 선별,후속 V307에서 차트지표 연결,후속 V307에서 차트지표 연결,거래대금 우선 선별,-,-,-,-,-,-,-,-,-,-,-,-,기존 리포트 엔진 병합 예정,기존 뉴스 엔진 병합 예정,종가 기준 변동성 확인
11,KODEX 코스닥150레버리지,233740,76,B,종가 기준 거래대금 상위 11 / KOSPI 종가선별 / 등락률 -14.10%,KOSPI,KOSPI 종가선별,-14.10%,"내일 시가 추격 금지, 장중 눌림 또는 전일 종가 지지 확인",전일 종가/단기 지지선 이탈,분할 익절,눌림목 대기: 오늘 종가 기준 내일 대응 후보,V306 minimal: 종가/거래대금 1차 선별,종가 기준 시장 강도 선별,후속 V307에서 차트지표 연결,후속 V307에서 차트지표 연결,거래대금 우선 선별,-,-,-,-,-,-,-,-,-,-,-,-,기존 리포트 엔진 병합 예정,기존 뉴스 엔진 병합 예정,종가 기준 변동성 확인
12,KODEX 반도체,091160,76,B,종가 기준 거래대금 상위 12 / KOSPI 종가선별 / 등락률 -11.97%,KOSPI,KOSPI 종가선별,-11.97%,"내일 시가 추격 금지, 장중 눌림 또는 전일 종가 지지 확인",전일 종가/단기 지지선 이탈,분할 익절,눌림목 대기: 오늘 종가 기준 내일 대응 후보,V306 minimal: 종가/거래대금 1차 선별,종가 기준 시장 강도 선별,후속 V307에서 차트지표 연결,후속 V307에서 차트지표 연결,거래대금 우선 선별,-,-,-,-,-,-,-,-,-,-,-,-,기존 리포트 엔진 병합 예정,기존 뉴스 엔진 병합 예정,종가 기준 변동성 확인
13,현대차,005380,88,A,종가 기준 거래대금 상위 13 / 자동차·모빌리티 / 등락률 -1.13%,KOSPI,자동차·모빌리티,-1.13%,"내일 시가 추격 금지, 장중 눌림 또는 전일 종가 지지 확인",전일 종가/단기 지지선 이탈,분할 익절,진입 후보: 오늘 종가 기준 내일 대응 후보,V306 minimal: 종가/거래대금 1차 선별,종가 기준 시장 강도 선별,후속 V307에서 차트지표 연결,후속 V307에서 차트지표 연결,거래대금 우선 선별,-,-,-,-,-,-,-,-,-,-,-,-,기존 리포트 엔진 병합 예정,기존 뉴스 엔진 병합 예정,종가 기준 변동성 확인
14,KODEX AI반도체TOP2플러스,395160,76,B,종가 기준 거래대금 상위 14 / KOSPI 종가선별 / 등락률 -11.43%,KOSPI,KOSPI 종가선별,-11.43%,"내일 시가 추격 금지, 장중 눌림 또는 전일 종가 지지 확인",전일 종가/단기 지지선 이탈,분할 익절,눌림목 대기: 오늘 종가 기준 내일 대응 후보,V306 minimal: 종가/거래대금 1차 선별,종가 기준 시장 강도 선별,후속 V307에서 차트지표 연결,후속 V307에서 차트지표 연결,거래대금 우선 선별,-,-,-,-,-,-,-,-,-,-,-,-,기존 리포트 엔진 병합 예정,기존 뉴스 엔진 병합 예정,종가 기준 변동성 확인
15,TIGER 반도체TOP10,396500,76,B,종가 기준 거래대금 상위 15 / KOSPI 종가선별 / 등락률 -10.14%,KOSPI,KOSPI 종가선별,-10.14%,"내일 시가 추격 금지, 장중 눌림 또는 전일 종가 지지 확인",전일 종가/단기 지지선 이탈,분할 익절,눌림목 대기: 오늘 종가 기준 내일 대응 후보,V306 minimal: 종가/거래대금 1차 선별,종가 기준 시장 강도 선별,후속 V307에서 차트지표 연결,후속 V307에서 차트지표 연결,거래대금 우선 선별,-,-,-,-,-,-,-,-,-,-,-,-,기존 리포트 엔진 병합 예정,기존 뉴스 엔진 병합 예정,종가 기준 변동성 확인
16,KODEX 코스닥150,229200,76,B,종가 기준 거래대금 상위 16 / KOSPI 종가선별 / 등락률 -6.89%,KOSPI,KOSPI 종가선별,-6.89%,"내일 시가 추격 금지, 장중 눌림 또는 전일 종가 지지 확인",전일 종가/단기 지지선 이탈,분할 익절,눌림목 대기: 오늘 종가 기준 내일 대응 후보,V306 minimal: 종가/거래대금 1차 선별,종가 기준 시장 강도 선별,후속 V307에서 차트지표 연결,후속 V307에서 차트지표 연결,거래대금 우선 선별,-,-,-,-,-,-,-,-,-,-,-,-,기존 리포트 엔진 병합 예정,기존 뉴스 엔진 병합 예정,종가 기준 변동성 확인
17,대원전선,006340,76,B,종가 기준 거래대금 상위 17 / KOSPI 종가선별 / 등락률 -10.52%,KOSPI,KOSPI 종가선별,-10.52%,"내일 시가 추격 금지, 장중 눌림 또는 전일 종가 지지 확인",전일 종가/단기 지지선 이탈,분할 익절,눌림목 대기: 오늘 종가 기준 내일 대응 후보,V306 minimal: 종가/거래대금 1차 선별,종가 기준 시장 강도 선별,후속 V307에서 차트지표 연결,후속 V307에서 차트지표 연결,거래대금 우선 선별,-,-,-,-,-,-,-,-,-,-,-,-,기존 리포트 엔진 병합 예정,기존 뉴스 엔진 병합 예정,종가 기준 변동성 확인
18,TIGER 미국나스닥100,133690,80,A,종가 기준 거래대금 상위 18 / KOSPI 종가선별 / 등락률 -1.53%,KOSPI,KOSPI 종가선별,-1.53%,"내일 시가 추격 금지, 장중 눌림 또는 전일 종가 지지 확인",전일 종가/단기 지지선 이탈,분할 익절,눌림목 대기: 오늘 종가 기준 내일 대응 후보,V306 minimal: 종가/거래대금 1차 선별,종가 기준 시장 강도 선별,후속 V307에서 차트지표 연결,후속 V307에서 차트지표 연결,거래대금 우선 선별,-,-,-,-,-,-,-,-,-,-,-,-,기존 리포트 엔진 병합 예정,기존 뉴스 엔진 병합 예정,종가 기준 변동성 확인
19,LG전자,066570,88,A,종가 기준 거래대금 상위 19 / KOSPI 종가선별 / 등락률 -0.52%,KOSPI,KOSPI 종가선별,-0.52%,"내일 시가 추격 금지, 장중 눌림 또는 전일 종가 지지 확인",전일 종가/단기 지지선 이탈,분할 익절,진입 후보: 오늘 종가 기준 내일 대응 후보,V306 minimal: 종가/거래대금 1차 선별,종가 기준 시장 강도 선별,후속 V307에서 차트지표 연결,후속 V307에서 차트지표 연결,거래대금 우선 선별,-,-,-,-,-,-,-,-,-,-,-,-,기존 리포트 엔진 병합 예정,기존 뉴스 엔진 병합 예정,종가 기준 변동성 확인
20,한화에어로스페이스,012450,92,S,종가 기준 거래대금 상위 20 / 방산·우주항공 / 등락률 2.29%,KOSPI,방산·우주항공,2.29%,"내일 시가 추격 금지, 장중 눌림 또는 전일 종가 지지 확인",전일 종가/단기 지지선 이탈,분할 익절,진입 후보: 오늘 종가 기준 내일 대응 후보,V306 minimal: 종가/거래대금 1차 선별,종가 기준 시장 강도 선별,후속 V307에서 차트지표 연결,후속 V307에서 차트지표 연결,거래대금 우선 선별,-,-,-,-,-,-,-,-,-,-,-,-,기존 리포트 엔진 병합 예정,기존 뉴스 엔진 병합 예정,종가 기준 변동성 확인
21,KB금융,105560,92,S,종가 기준 거래대금 상위 21 / 금융·밸류업 / 등락률 4.10%,KOSPI,금융·밸류업,4.10%,"내일 시가 추격 금지, 장중 눌림 또는 전일 종가 지지 확인",전일 종가/단기 지지선 이탈,분할 익절,진입 후보: 오늘 종가 기준 내일 대응 후보,V306 minimal: 종가/거래대금 1차 선별,종가 기준 시장 강도 선별,후속 V307에서 차트지표 연결,후속 V307에서 차트지표 연결,거래대금 우선 선별,-,-,-,-,-,-,-,-,-,-,-,-,기존 리포트 엔진 병합 예정,기존 뉴스 엔진 병합 예정,종가 기준 변동성 확인
22,원익IPS,240810,80,A,종가 기준 거래대금 상위 22 / 반도체·AI / 등락률 -20.53%,KOSDAQ,반도체·AI,-20.53%,"내일 시가 추격 금지, 장중 눌림 또는 전일 종가 지지 확인",전일 종가/단기 지지선 이탈,분할 익절,눌림목 대기: 오늘 종가 기준 내일 대응 후보,V306 minimal: 종가/거래대금 1차 선별,종가 기준 시장 강도 선별,후속 V307에서 차트지표 연결,후속 V307에서 차트지표 연결,거래대금 우선 선별,-,-,-,-,-,-,-,-,-,-,-,-,기존 리포트 엔진 병합 예정,기존 뉴스 엔진 병합 예정,종가 기준 변동성 확인
23,KODEX 200타겟위클리커버드콜,498400,76,B,종가 기준 거래대금 상위 23 / KOSPI 종가선별 / 등락률 -7.52%,KOSPI,KOSPI 종가선별,-7.52%,"내일 시가 추격 금지, 장중 눌림 또는 전일 종가 지지 확인",전일 종가/단기 지지선 이탈,분할 익절,눌림목 대기: 오늘 종가 기준 내일 대응 후보,V306 minimal: 종가/거래대금 1차 선별,종가 기준 시장 강도 선별,후속 V307에서 차트지표 연결,후속 V307에서 차트지표 연결,거래대금 우선 선별,-,-,-,-,-,-,-,-,-,-,-,-,기존 리포트 엔진 병합 예정,기존 뉴스 엔진 병합 예정,종가 기준 변동성 확인
24,KODEX CD금리액티브(합성),459580,88,A,종가 기준 거래대금 상위 24 / KOSPI 종가선별 / 등락률 0.02%,KOSPI,KOSPI 종가선별,0.02%,"내일 시가 추격 금지, 장중 눌림 또는 전일 종가 지지 확인",전일 종가/단기 지지선 이탈,분할 익절,진입 후보: 오늘 종가 기준 내일 대응 후보,V306 minimal: 종가/거래대금 1차 선별,종가 기준 시장 강도 선별,후속 V307에서 차트지표 연결,후속 V307에서 차트지표 연결,거래대금 우선 선별,-,-,-,-,-,-,-,-,-,-,-,-,기존 리포트 엔진 병합 예정,기존 뉴스 엔진 병합 예정,종가 기준 변동성 확인
25,TIGER 200 IT,139260,76,B,종가 기준 거래대금 상위 25 / KOSPI 종가선별 / 등락률 -10.94%,KOSPI,KOSPI 종가선별,-10.94%,"내일 시가 추격 금지, 장중 눌림 또는 전일 종가 지지 확인",전일 종가/단기 지지선 이탈,분할 익절,눌림목 대기: 오늘 종가 기준 내일 대응 후보,V306 minimal: 종가/거래대금 1차 선별,종가 기준 시장 강도 선별,후속 V307에서 차트지표 연결,후속 V307에서 차트지표 연결,거래대금 우선 선별,-,-,-,-,-,-,-,-,-,-,-,-,기존 리포트 엔진 병합 예정,기존 뉴스 엔진 병합 예정,종가 기준 변동성 확인
26,KODEX 미국나스닥100,379810,80,A,종가 기준 거래대금 상위 26 / KOSPI 종가선별 / 등락률 -1.54%,KOSPI,KOSPI 종가선별,-1.54%,"내일 시가 추격 금지, 장중 눌림 또는 전일 종가 지지 확인",전일 종가/단기 지지선 이탈,분할 익절,눌림목 대기: 오늘 종가 기준 내일 대응 후보,V306 minimal: 종가/거래대금 1차 선별,종가 기준 시장 강도 선별,후속 V307에서 차트지표 연결,후속 V307에서 차트지표 연결,거래대금 우선 선별,-,-,-,-,-,-,-,-,-,-,-,-,기존 리포트 엔진 병합 예정,기존 뉴스 엔진 병합 예정,종가 기준 변동성 확인
27,KODEX AI전력핵심설비,487240,76,B,종가 기준 거래대금 상위 27 / KOSPI 종가선별 / 등락률 -7.18%,KOSPI,KOSPI 종가선별,-7.18%,"내일 시가 추격 금지, 장중 눌림 또는 전일 종가 지지 확인",전일 종가/단기 지지선 이탈,분할 익절,눌림목 대기: 오늘 종가 기준 내일 대응 후보,V306 minimal: 종가/거래대금 1차 선별,종가 기준 시장 강도 선별,후속 V307에서 차트지표 연결,후속 V307에서 차트지표 연결,거래대금 우선 선별,-,-,-,-,-,-,-,-,-,-,-,-,기존 리포트 엔진 병합 예정,기존 뉴스 엔진 병합 예정,종가 기준 변동성 확인
28,한화오션,042660,92,S,종가 기준 거래대금 상위 28 / 조선·해양 / 등락률 1.16%,KOSPI,조선·해양,1.16%,"내일 시가 추격 금지, 장중 눌림 또는 전일 종가 지지 확인",전일 종가/단기 지지선 이탈,분할 익절,진입 후보: 오늘 종가 기준 내일 대응 후보,V306 minimal: 종가/거래대금 1차 선별,종가 기준 시장 강도 선별,후속 V307에서 차트지표 연결,후속 V307에서 차트지표 연결,거래대금 우선 선별,-,-,-,-,-,-,-,-,-,-,-,-,기존 리포트 엔진 병합 예정,기존 뉴스 엔진 병합 예정,종가 기준 변동성 확인
29,LS ELECTRIC,010120,80,A,종가 기준 거래대금 상위 29 / 원전·전력·에너지 / 등락률 -10.25%,KOSPI,원전·전력·에너지,-10.25%,"내일 시가 추격 금지, 장중 눌림 또는 전일 종가 지지 확인",전일 종가/단기 지지선 이탈,분할 익절,눌림목 대기: 오늘 종가 기준 내일 대응 후보,V306 minimal: 종가/거래대금 1차 선별,종가 기준 시장 강도 선별,후속 V307에서 차트지표 연결,후속 V307에서 차트지표 연결,거래대금 우선 선별,-,-,-,-,-,-,-,-,-,-,-,-,기존 리포트 엔진 병합 예정,기존 뉴스 엔진 병합 예정,종가 기준 변동성 확인
30,한미반도체,042700,80,A,종가 기준 거래대금 상위 30 / 반도체·AI / 등락률 -10.95%,KOSPI,반도체·AI,-10.95%,"내일 시가 추격 금지, 장중 눌림 또는 전일 종가 지지 확인",전일 종가/단기 지지선 이탈,분할 익절,눌림목 대기: 오늘 종가 기준 내일 대응 후보,V306 minimal: 종가/거래대금 1차 선별,종가 기준 시장 강도 선별,후속 V307에서 차트지표 연결,후속 V307에서 차트지표 연결,거래대금 우선 선별,-,-,-,-,-,-,-,-,-,-,-,-,기존 리포트 엔진 병합 예정,기존 뉴스 엔진 병합 예정,종가 기준 변동성 확인
31,HANARO Fn K-반도체,395270,71,B,종가 기준 거래대금 상위 31 / KOSPI 종가선별 / 등락률 -11.71%,KOSPI,KOSPI 종가선별,-11.71%,"내일 시가 추격 금지, 장중 눌림 또는 전일 종가 지지 확인",전일 종가/단기 지지선 이탈,분할 익절,관찰 후보: 오늘 종가 기준 내일 대응 후보,V306 minimal: 종가/거래대금 1차 선별,종가 기준 시장 강도 선별,후속 V307에서 차트지표 연결,후속 V307에서 차트지표 연결,거래대금 우선 선별,-,-,-,-,-,-,-,-,-,-,-,-,기존 리포트 엔진 병합 예정,기존 뉴스 엔진 병합 예정,종가 기준 변동성 확인
32,삼성물산,028260,71,B,종가 기준 거래대금 상위 32 / KOSPI 종가선별 / 등락률 -6.34%,KOSPI,KOSPI 종가선별,-6.34%,"내일 시가 추격 금지, 장중 눌림 또는 전일 종가 지지 확인",전일 종가/단기 지지선 이탈,분할 익절,관찰 후보: 오늘 종가 기준 내일 대응 후보,V306 minimal: 종가/거래대금 1차 선별,종가 기준 시장 강도 선별,후속 V307에서 차트지표 연결,후속 V307에서 차트지표 연결,거래대금 우선 선별,-,-,-,-,-,-,-,-,-,-,-,-,기존 리포트 엔진 병합 예정,기존 뉴스 엔진 병합 예정,종가 기준 변동성 확인
33,현대모비스,012330,83,A,종가 기준 거래대금 상위 33 / 자동차·모빌리티 / 등락률 -0.40%,KOSPI,자동차·모빌리티,-0.40%,"내일 시가 추격 금지, 장중 눌림 또는 전일 종가 지지 확인",전일 종가/단기 지지선 이탈,분할 익절,진입 후보: 오늘 종가 기준 내일 대응 후보,V306 minimal: 종가/거래대금 1차 선별,종가 기준 시장 강도 선별,후속 V307에서 차트지표 연결,후속 V307에서 차트지표 연결,거래대금 우선 선별,-,-,-,-,-,-,-,-,-,-,-,-,기존 리포트 엔진 병합 예정,기존 뉴스 엔진 병합 예정,종가 기준 변동성 확인
34,SK이터닉스,475150,71,B,종가 기준 거래대금 상위 34 / KOSPI 종가선별 / 등락률 -11.28%,KOSPI,KOSPI 종가선별,-11.28%,"내일 시가 추격 금지, 장중 눌림 또는 전일 종가 지지 확인",전일 종가/단기 지지선 이탈,분할 익절,관찰 후보: 오늘 종가 기준 내일 대응 후보,V306 minimal: 종가/거래대금 1차 선별,종가 기준 시장 강도 선별,후속 V307에서 차트지표 연결,후속 V307에서 차트지표 연결,거래대금 우선 선별,-,-,-,-,-,-,-,-,-,-,-,-,기존 리포트 엔진 병합 예정,기존 뉴스 엔진 병합 예정,종가 기준 변동성 확인
35,HPSP,403870,71,B,종가 기준 거래대금 상위 35 / KOSDAQ 종가선별 / 등락률 -12.95%,KOSDAQ,KOSDAQ 종가선별,-12.95%,"내일 시가 추격 금지, 장중 눌림 또는 전일 종가 지지 확인",전일 종가/단기 지지선 이탈,분할 익절,관찰 후보: 오늘 종가 기준 내일 대응 후보,V306 minimal: 종가/거래대금 1차 선별,종가 기준 시장 강도 선별,후속 V307에서 차트지표 연결,후속 V307에서 차트지표 연결,거래대금 우선 선별,-,-,-,-,-,-,-,-,-,-,-,-,기존 리포트 엔진 병합 예정,기존 뉴스 엔진 병합 예정,종가 기준 변동성 확인
36,SK,034730,71,B,종가 기준 거래대금 상위 36 / KOSPI 종가선별 / 등락률 -10.48%,KOSPI,KOSPI 종가선별,-10.48%,"내일 시가 추격 금지, 장중 눌림 또는 전일 종가 지지 확인",전일 종가/단기 지지선 이탈,분할 익절,관찰 후보: 오늘 종가 기준 내일 대응 후보,V306 minimal: 종가/거래대금 1차 선별,종가 기준 시장 강도 선별,후속 V307에서 차트지표 연결,후속 V307에서 차트지표 연결,거래대금 우선 선별,-,-,-,-,-,-,-,-,-,-,-,-,기존 리포트 엔진 병합 예정,기존 뉴스 엔진 병합 예정,종가 기준 변동성 확인
37,KODEX 반도체레버리지,494310,71,B,종가 기준 거래대금 상위 37 / KOSPI 종가선별 / 등락률 -24.68%,KOSPI,KOSPI 종가선별,-24.68%,"내일 시가 추격 금지, 장중 눌림 또는 전일 종가 지지 확인",전일 종가/단기 지지선 이탈,분할 익절,관찰 후보: 오늘 종가 기준 내일 대응 후보,V306 minimal: 종가/거래대금 1차 선별,종가 기준 시장 강도 선별,후속 V307에서 차트지표 연결,후속 V307에서 차트지표 연결,거래대금 우선 선별,-,-,-,-,-,-,-,-,-,-,-,-,기존 리포트 엔진 병합 예정,기존 뉴스 엔진 병합 예정,종가 기준 변동성 확인
38,HD현대일렉트릭,267260,75,B,종가 기준 거래대금 상위 38 / 원전·전력·에너지 / 등락률 -4.25%,KOSPI,원전·전력·에너지,-4.25%,"내일 시가 추격 금지, 장중 눌림 또는 전일 종가 지지 확인",전일 종가/단기 지지선 이탈,분할 익절,눌림목 대기: 오늘 종가 기준 내일 대응 후보,V306 minimal: 종가/거래대금 1차 선별,종가 기준 시장 강도 선별,후속 V307에서 차트지표 연결,후속 V307에서 차트지표 연결,거래대금 우선 선별,-,-,-,-,-,-,-,-,-,-,-,-,기존 리포트 엔진 병합 예정,기존 뉴스 엔진 병합 예정,종가 기준 변동성 확인
39,NAVER,035420,83,A,종가 기준 거래대금 상위 39 / 인터넷·게임·콘텐츠 / 등락률 1.27%,KOSPI,인터넷·게임·콘텐츠,1.27%,"내일 시가 추격 금지, 장중 눌림 또는 전일 종가 지지 확인",전일 종가/단기 지지선 이탈,분할 익절,진입 후보: 오늘 종가 기준 내일 대응 후보,V306 minimal: 종가/거래대금 1차 선별,종가 기준 시장 강도 선별,후속 V307에서 차트지표 연결,후속 V307에서 차트지표 연결,거래대금 우선 선별,-,-,-,-,-,-,-,-,-,-,-,-,기존 리포트 엔진 병합 예정,기존 뉴스 엔진 병합 예정,종가 기준 변동성 확인
40,LG이노텍,011070,75,B,종가 기준 거래대금 상위 40 / KOSPI 종가선별 / 등락률 -3.64%,KOSPI,KOSPI 종가선별,-3.64%,"내일 시가 추격 금지, 장중 눌림 또는 전일 종가 지지 확인",전일 종가/단기 지지선 이탈,분할 익절,눌림목 대기: 오늘 종가 기준 내일 대응 후보,V306 minimal: 종가/거래대금 1차 선별,종가 기준 시장 강도 선별,후속 V307에서 차트지표 연결,후속 V307에서 차트지표 연결,거래대금 우선 선별,-,-,-,-,-,-,-,-,-,-,-,-,기존 리포트 엔진 병합 예정,기존 뉴스 엔진 병합 예정,종가 기준 변동성 확인
41,PLUS 글로벌HBM반도체,442580,71,B,종가 기준 거래대금 상위 41 / KOSPI 종가선별 / 등락률 -10.81%,KOSPI,KOSPI 종가선별,-10.81%,"내일 시가 추격 금지, 장중 눌림 또는 전일 종가 지지 확인",전일 종가/단기 지지선 이탈,분할 익절,관찰 후보: 오늘 종가 기준 내일 대응 후보,V306 minimal: 종가/거래대금 1차 선별,종가 기준 시장 강도 선별,후속 V307에서 차트지표 연결,후속 V307에서 차트지표 연결,거래대금 우선 선별,-,-,-,-,-,-,-,-,-,-,-,-,기존 리포트 엔진 병합 예정,기존 뉴스 엔진 병합 예정,종가 기준 변동성 확인
42,두산에너빌리티,034020,79,B,종가 기준 거래대금 상위 42 / 원전·전력·에너지 / 등락률 -2.82%,KOSPI,원전·전력·에너지,-2.82%,"내일 시가 추격 금지, 장중 눌림 또는 전일 종가 지지 확인",전일 종가/단기 지지선 이탈,분할 익절,눌림목 대기: 오늘 종가 기준 내일 대응 후보,V306 minimal: 종가/거래대금 1차 선별,종가 기준 시장 강도 선별,후속 V307에서 차트지표 연결,후속 V307에서 차트지표 연결,거래대금 우선 선별,-,-,-,-,-,-,-,-,-,-,-,-,기존 리포트 엔진 병합 예정,기존 뉴스 엔진 병합 예정,종가 기준 변동성 확인
43,SOL 조선TOP3플러스,466920,75,B,종가 기준 거래대금 상위 43 / KOSPI 종가선별 / 등락률 -1.98%,KOSPI,KOSPI 종가선별,-1.98%,"내일 시가 추격 금지, 장중 눌림 또는 전일 종가 지지 확인",전일 종가/단기 지지선 이탈,분할 익절,눌림목 대기: 오늘 종가 기준 내일 대응 후보,V306 minimal: 종가/거래대금 1차 선별,종가 기준 시장 강도 선별,후속 V307에서 차트지표 연결,후속 V307에서 차트지표 연결,거래대금 우선 선별,-,-,-,-,-,-,-,-,-,-,-,-,기존 리포트 엔진 병합 예정,기존 뉴스 엔진 병합 예정,종가 기준 변동성 확인
44,LG씨엔에스,064400,83,A,종가 기준 거래대금 상위 44 / KOSPI 종가선별 / 등락률 2.76%,KOSPI,KOSPI 종가선별,2.76%,"내일 시가 추격 금지, 장중 눌림 또는 전일 종가 지지 확인",전일 종가/단기 지지선 이탈,분할 익절,진입 후보: 오늘 종가 기준 내일 대응 후보,V306 minimal: 종가/거래대금 1차 선별,종가 기준 시장 강도 선별,후속 V307에서 차트지표 연결,후속 V307에서 차트지표 연결,거래대금 우선 선별,-,-,-,-,-,-,-,-,-,-,-,-,기존 리포트 엔진 병합 예정,기존 뉴스 엔진 병합 예정,종가 기준 변동성 확인
45,효성중공업,298040,75,B,종가 기준 거래대금 상위 45 / 원전·전력·에너지 / 등락률 -7.69%,KOSPI,원전·전력·에너지,-7.69%,"내일 시가 추격 금지, 장중 눌림 또는 전일 종가 지지 확인",전일 종가/단기 지지선 이탈,분할 익절,눌림목 대기: 오늘 종가 기준 내일 대응 후보,V306 minimal: 종가/거래대금 1차 선별,종가 기준 시장 강도 선별,후속 V307에서 차트지표 연결,후속 V307에서 차트지표 연결,거래대금 우선 선별,-,-,-,-,-,-,-,-,-,-,-,-,기존 리포트 엔진 병합 예정,기존 뉴스 엔진 병합 예정,종가 기준 변동성 확인
46,삼성SDI,006400,71,B,종가 기준 거래대금 상위 46 / 2차전지·소재 / 등락률 -4.18%,KOSPI,2차전지·소재,-4.18%,"내일 시가 추격 금지, 장중 눌림 또는 전일 종가 지지 확인",전일 종가/단기 지지선 이탈,분할 익절,관찰 후보: 오늘 종가 기준 내일 대응 후보,V306 minimal: 종가/거래대금 1차 선별,종가 기준 시장 강도 선별,후속 V307에서 차트지표 연결,후속 V307에서 차트지표 연결,거래대금 우선 선별,-,-,-,-,-,-,-,-,-,-,-,-,기존 리포트 엔진 병합 예정,기존 뉴스 엔진 병합 예정,종가 기준 변동성 확인
47,에이피알,278470,83,A,종가 기준 거래대금 상위 47 / KOSPI 종가선별 / 등락률 -1.47%,KOSPI,KOSPI 종가선별,-1.47%,"내일 시가 추격 금지, 장중 눌림 또는 전일 종가 지지 확인",전일 종가/단기 지지선 이탈,분할 익절,진입 후보: 오늘 종가 기준 내일 대응 후보,V306 minimal: 종가/거래대금 1차 선별,종가 기준 시장 강도 선별,후속 V307에서 차트지표 연결,후속 V307에서 차트지표 연결,거래대금 우선 선별,-,-,-,-,-,-,-,-,-,-,-,-,기존 리포트 엔진 병합 예정,기존 뉴스 엔진 병합 예정,종가 기준 변동성 확인
48,리노공업,058470,75,B,종가 기준 거래대금 상위 48 / 반도체·AI / 등락률 -8.08%,KOSDAQ,반도체·AI,-8.08%,"내일 시가 추격 금지, 장중 눌림 또는 전일 종가 지지 확인",전일 종가/단기 지지선 이탈,분할 익절,눌림목 대기: 오늘 종가 기준 내일 대응 후보,V306 minimal: 종가/거래대금 1차 선별,종가 기준 시장 강도 선별,후속 V307에서 차트지표 연결,후속 V307에서 차트지표 연결,거래대금 우선 선별,-,-,-,-,-,-,-,-,-,-,-,-,기존 리포트 엔진 병합 예정,기존 뉴스 엔진 병합 예정,종가 기준 변동성 확인
49,제주반도체,080220,71,B,종가 기준 거래대금 상위 49 / KOSDAQ 종가선별 / 등락률 -13.17%,KOSDAQ,KOSDAQ 종가선별,-13.17%,"내일 시가 추격 금지, 장중 눌림 또는 전일 종가 지지 확인",전일 종가/단기 지지선 이탈,분할 익절,관찰 후보: 오늘 종가 기준 내일 대응 후보,V306 minimal: 종가/거래대금 1차 선별,종가 기준 시장 강도 선별,후속 V307에서 차트지표 연결,후속 V307에서 차트지표 연결,거래대금 우선 선별,-,-,-,-,-,-,-,-,-,-,-,-,기존 리포트 엔진 병합 예정,기존 뉴스 엔진 병합 예정,종가 기준 변동성 확인
50,기아,000270,83,A,종가 기준 거래대금 상위 50 / 자동차·모빌리티 / 등락률 2.61%,KOSPI,자동차·모빌리티,2.61%,"내일 시가 추격 금지, 장중 눌림 또는 전일 종가 지지 확인",전일 종가/단기 지지선 이탈,분할 익절,진입 후보: 오늘 종가 기준 내일 대응 후보,V306 minimal: 종가/거래대금 1차 선별,종가 기준 시장 강도 선별,후속 V307에서 차트지표 연결,후속 V307에서 차트지표 연결,거래대금 우선 선별,-,-,-,-,-,-,-,-,-,-,-,-,기존 리포트 엔진 병합 예정,기존 뉴스 엔진 병합 예정,종가 기준 변동성 확인
51,신한지주,055550,82,A,종가 기준 거래대금 상위 51 / 금융·밸류업 / 등락률 6.02%,KOSPI,금융·밸류업,6.02%,"내일 시가 추격 금지, 장중 눌림 또는 전일 종가 지지 확인",전일 종가/단기 지지선 이탈,분할 익절,눌림목 대기: 오늘 종가 기준 내일 대응 후보,V306 minimal: 종가/거래대금 1차 선별,종가 기준 시장 강도 선별,후속 V307에서 차트지표 연결,후속 V307에서 차트지표 연결,거래대금 우선 선별,-,-,-,-,-,-,-,-,-,-,-,-,기존 리포트 엔진 병합 예정,기존 뉴스 엔진 병합 예정,종가 기준 변동성 확인
52,대한항공,003490,83,A,종가 기준 거래대금 상위 52 / KOSPI 종가선별 / 등락률 2.70%,KOSPI,KOSPI 종가선별,2.70%,"내일 시가 추격 금지, 장중 눌림 또는 전일 종가 지지 확인",전일 종가/단기 지지선 이탈,분할 익절,진입 후보: 오늘 종가 기준 내일 대응 후보,V306 minimal: 종가/거래대금 1차 선별,종가 기준 시장 강도 선별,후속 V307에서 차트지표 연결,후속 V307에서 차트지표 연결,거래대금 우선 선별,-,-,-,-,-,-,-,-,-,-,-,-,기존 리포트 엔진 병합 예정,기존 뉴스 엔진 병합 예정,종가 기준 변동성 확인
53,성호전자,043260,71,B,종가 기준 거래대금 상위 53 / KOSDAQ 종가선별 / 등락률 -28.43%,KOSDAQ,KOSDAQ 종가선별,-28.43%,"내일 시가 추격 금지, 장중 눌림 또는 전일 종가 지지 확인",전일 종가/단기 지지선 이탈,분할 익절,관찰 후보: 오늘 종가 기준 내일 대응 후보,V306 minimal: 종가/거래대금 1차 선별,종가 기준 시장 강도 선별,후속 V307에서 차트지표 연결,후속 V307에서 차트지표 연결,거래대금 우선 선별,-,-,-,-,-,-,-,-,-,-,-,-,기존 리포트 엔진 병합 예정,기존 뉴스 엔진 병합 예정,종가 기준 변동성 확인
54,RISE 200,148020,71,B,종가 기준 거래대금 상위 54 / KOSPI 종가선별 / 등락률 -8.08%,KOSPI,KOSPI 종가선별,-8.08%,"내일 시가 추격 금지, 장중 눌림 또는 전일 종가 지지 확인",전일 종가/단기 지지선 이탈,분할 익절,관찰 후보: 오늘 종가 기준 내일 대응 후보,V306 minimal: 종가/거래대금 1차 선별,종가 기준 시장 강도 선별,후속 V307에서 차트지표 연결,후속 V307에서 차트지표 연결,거래대금 우선 선별,-,-,-,-,-,-,-,-,-,-,-,-,기존 리포트 엔진 병합 예정,기존 뉴스 엔진 병합 예정,종가 기준 변동성 확인
55,삼성생명,032830,71,B,종가 기준 거래대금 상위 55 / KOSPI 종가선별 / 등락률 -4.26%,KOSPI,KOSPI 종가선별,-4.26%,"내일 시가 추격 금지, 장중 눌림 또는 전일 종가 지지 확인",전일 종가/단기 지지선 이탈,분할 익절,관찰 후보: 오늘 종가 기준 내일 대응 후보,V306 minimal: 종가/거래대금 1차 선별,종가 기준 시장 강도 선별,후속 V307에서 차트지표 연결,후속 V307에서 차트지표 연결,거래대금 우선 선별,-,-,-,-,-,-,-,-,-,-,-,-,기존 리포트 엔진 병합 예정,기존 뉴스 엔진 병합 예정,종가 기준 변동성 확인
56,TIGER 배당커버드콜액티브,472150,71,B,종가 기준 거래대금 상위 56 / KOSPI 종가선별 / 등락률 -8.09%,KOSPI,KOSPI 종가선별,-8.09%,"내일 시가 추격 금지, 장중 눌림 또는 전일 종가 지지 확인",전일 종가/단기 지지선 이탈,분할 익절,관찰 후보: 오늘 종가 기준 내일 대응 후보,V306 minimal: 종가/거래대금 1차 선별,종가 기준 시장 강도 선별,후속 V307에서 차트지표 연결,후속 V307에서 차트지표 연결,거래대금 우선 선별,-,-,-,-,-,-,-,-,-,-,-,-,기존 리포트 엔진 병합 예정,기존 뉴스 엔진 병합 예정,종가 기준 변동성 확인
57,TIGER 미국필라델피아반도체나스닥,381180,71,B,종가 기준 거래대금 상위 57 / KOSPI 종가선별 / 등락률 -6.11%,KOSPI,KOSPI 종가선별,-6.11%,"내일 시가 추격 금지, 장중 눌림 또는 전일 종가 지지 확인",전일 종가/단기 지지선 이탈,분할 익절,관찰 후보: 오늘 종가 기준 내일 대응 후보,V306 minimal: 종가/거래대금 1차 선별,종가 기준 시장 강도 선별,후속 V307에서 차트지표 연결,후속 V307에서 차트지표 연결,거래대금 우선 선별,-,-,-,-,-,-,-,-,-,-,-,-,기존 리포트 엔진 병합 예정,기존 뉴스 엔진 병합 예정,종가 기준 변동성 확인
58,이수페타시스,007660,71,B,종가 기준 거래대금 상위 58 / KOSPI 종가선별 / 등락률 -9.86%,KOSPI,KOSPI 종가선별,-9.86%,"내일 시가 추격 금지, 장중 눌림 또는 전일 종가 지지 확인",전일 종가/단기 지지선 이탈,분할 익절,관찰 후보: 오늘 종가 기준 내일 대응 후보,V306 minimal: 종가/거래대금 1차 선별,종가 기준 시장 강도 선별,후속 V307에서 차트지표 연결,후속 V307에서 차트지표 연결,거래대금 우선 선별,-,-,-,-,-,-,-,-,-,-,-,-,기존 리포트 엔진 병합 예정,기존 뉴스 엔진 병합 예정,종가 기준 변동성 확인
59,DB하이텍,000990,71,B,종가 기준 거래대금 상위 59 / KOSPI 종가선별 / 등락률 -12.31%,KOSPI,KOSPI 종가선별,-12.31%,"내일 시가 추격 금지, 장중 눌림 또는 전일 종가 지지 확인",전일 종가/단기 지지선 이탈,분할 익절,관찰 후보: 오늘 종가 기준 내일 대응 후보,V306 minimal: 종가/거래대금 1차 선별,종가 기준 시장 강도 선별,후속 V307에서 차트지표 연결,후속 V307에서 차트지표 연결,거래대금 우선 선별,-,-,-,-,-,-,-,-,-,-,-,-,기존 리포트 엔진 병합 예정,기존 뉴스 엔진 병합 예정,종가 기준 변동성 확인
60,TIGER 코리아TOP10,292150,71,B,종가 기준 거래대금 상위 60 / KOSPI 종가선별 / 등락률 -7.93%,KOSPI,KOSPI 종가선별,-7.93%,"내일 시가 추격 금지, 장중 눌림 또는 전일 종가 지지 확인",전일 종가/단기 지지선 이탈,분할 익절,관찰 후보: 오늘 종가 기준 내일 대응 후보,V306 minimal: 종가/거래대금 1차 선별,종가 기준 시장 강도 선별,후속 V307에서 차트지표 연결,후속 V307에서 차트지표 연결,거래대금 우선 선별,-,-,-,-,-,-,-,-,-,-,-,-,기존 리포트 엔진 병합 예정,기존 뉴스 엔진 병합 예정,종가 기준 변동성 확인
61,삼성E&A,028050,71,B,종가 기준 거래대금 상위 61 / KOSPI 종가선별 / 등락률 -5.22%,KOSPI,KOSPI 종가선별,-5.22%,"내일 시가 추격 금지, 장중 눌림 또는 전일 종가 지지 확인",전일 종가/단기 지지선 이탈,분할 익절,관찰 후보: 오늘 종가 기준 내일 대응 후보,V306 minimal: 종가/거래대금 1차 선별,종가 기준 시장 강도 선별,후속 V307에서 차트지표 연결,후속 V307에서 차트지표 연결,거래대금 우선 선별,-,-,-,-,-,-,-,-,-,-,-,-,기존 리포트 엔진 병합 예정,기존 뉴스 엔진 병합 예정,종가 기준 변동성 확인
62,삼화콘덴서,001820,71,B,종가 기준 거래대금 상위 62 / KOSPI 종가선별 / 등락률 -21.41%,KOSPI,KOSPI 종가선별,-21.41%,"내일 시가 추격 금지, 장중 눌림 또는 전일 종가 지지 확인",전일 종가/단기 지지선 이탈,분할 익절,관찰 후보: 오늘 종가 기준 내일 대응 후보,V306 minimal: 종가/거래대금 1차 선별,종가 기준 시장 강도 선별,후속 V307에서 차트지표 연결,후속 V307에서 차트지표 연결,거래대금 우선 선별,-,-,-,-,-,-,-,-,-,-,-,-,기존 리포트 엔진 병합 예정,기존 뉴스 엔진 병합 예정,종가 기준 변동성 확인
63,HD현대중공업,329180,75,B,종가 기준 거래대금 상위 63 / 조선·해양 / 등락률 -4.07%,KOSPI,조선·해양,-4.07%,"내일 시가 추격 금지, 장중 눌림 또는 전일 종가 지지 확인",전일 종가/단기 지지선 이탈,분할 익절,눌림목 대기: 오늘 종가 기준 내일 대응 후보,V306 minimal: 종가/거래대금 1차 선별,종가 기준 시장 강도 선별,후속 V307에서 차트지표 연결,후속 V307에서 차트지표 연결,거래대금 우선 선별,-,-,-,-,-,-,-,-,-,-,-,-,기존 리포트 엔진 병합 예정,기존 뉴스 엔진 병합 예정,종가 기준 변동성 확인
64,TIGER 반도체,091230,71,B,종가 기준 거래대금 상위 64 / KOSPI 종가선별 / 등락률 -12.12%,KOSPI,KOSPI 종가선별,-12.12%,"내일 시가 추격 금지, 장중 눌림 또는 전일 종가 지지 확인",전일 종가/단기 지지선 이탈,분할 익절,관찰 후보: 오늘 종가 기준 내일 대응 후보,V306 minimal: 종가/거래대금 1차 선별,종가 기준 시장 강도 선별,후속 V307에서 차트지표 연결,후속 V307에서 차트지표 연결,거래대금 우선 선별,-,-,-,-,-,-,-,-,-,-,-,-,기존 리포트 엔진 병합 예정,기존 뉴스 엔진 병합 예정,종가 기준 변동성 확인
65,현대로템,064350,87,A,종가 기준 거래대금 상위 65 / 방산·우주항공 / 등락률 4.00%,KOSPI,방산·우주항공,4.00%,"내일 시가 추격 금지, 장중 눌림 또는 전일 종가 지지 확인",전일 종가/단기 지지선 이탈,분할 익절,진입 후보: 오늘 종가 기준 내일 대응 후보,V306 minimal: 종가/거래대금 1차 선별,종가 기준 시장 강도 선별,후속 V307에서 차트지표 연결,후속 V307에서 차트지표 연결,거래대금 우선 선별,-,-,-,-,-,-,-,-,-,-,-,-,기존 리포트 엔진 병합 예정,기존 뉴스 엔진 병합 예정,종가 기준 변동성 확인
66,한국콜마,161890,78,B,종가 기준 거래대금 상위 66 / KOSPI 종가선별 / 등락률 6.46%,KOSPI,KOSPI 종가선별,6.46%,"내일 시가 추격 금지, 장중 눌림 또는 전일 종가 지지 확인",전일 종가/단기 지지선 이탈,분할 익절,눌림목 대기: 오늘 종가 기준 내일 대응 후보,V306 minimal: 종가/거래대금 1차 선별,종가 기준 시장 강도 선별,후속 V307에서 차트지표 연결,후속 V307에서 차트지표 연결,거래대금 우선 선별,-,-,-,-,-,-,-,-,-,-,-,-,기존 리포트 엔진 병합 예정,기존 뉴스 엔진 병합 예정,종가 기준 변동성 확인
67,알테오젠,196170,75,B,종가 기준 거래대금 상위 67 / 바이오·제약 / 등락률 -1.82%,KOSDAQ,바이오·제약,-1.82%,"내일 시가 추격 금지, 장중 눌림 또는 전일 종가 지지 확인",전일 종가/단기 지지선 이탈,분할 익절,눌림목 대기: 오늘 종가 기준 내일 대응 후보,V306 minimal: 종가/거래대금 1차 선별,종가 기준 시장 강도 선별,후속 V307에서 차트지표 연결,후속 V307에서 차트지표 연결,거래대금 우선 선별,-,-,-,-,-,-,-,-,-,-,-,-,기존 리포트 엔진 병합 예정,기존 뉴스 엔진 병합 예정,종가 기준 변동성 확인
68,삼성에스디에스,018260,83,A,종가 기준 거래대금 상위 68 / KOSPI 종가선별 / 등락률 2.08%,KOSPI,KOSPI 종가선별,2.08%,"내일 시가 추격 금지, 장중 눌림 또는 전일 종가 지지 확인",전일 종가/단기 지지선 이탈,분할 익절,진입 후보: 오늘 종가 기준 내일 대응 후보,V306 minimal: 종가/거래대금 1차 선별,종가 기준 시장 강도 선별,후속 V307에서 차트지표 연결,후속 V307에서 차트지표 연결,거래대금 우선 선별,-,-,-,-,-,-,-,-,-,-,-,-,기존 리포트 엔진 병합 예정,기존 뉴스 엔진 병합 예정,종가 기준 변동성 확인
69,GS건설,006360,83,A,종가 기준 거래대금 상위 69 / KOSPI 종가선별 / 등락률 -1.50%,KOSPI,KOSPI 종가선별,-1.50%,"내일 시가 추격 금지, 장중 눌림 또는 전일 종가 지지 확인",전일 종가/단기 지지선 이탈,분할 익절,진입 후보: 오늘 종가 기준 내일 대응 후보,V306 minimal: 종가/거래대금 1차 선별,종가 기준 시장 강도 선별,후속 V307에서 차트지표 연결,후속 V307에서 차트지표 연결,거래대금 우선 선별,-,-,-,-,-,-,-,-,-,-,-,-,기존 리포트 엔진 병합 예정,기존 뉴스 엔진 병합 예정,종가 기준 변동성 확인
70,이오테크닉스,039030,75,B,종가 기준 거래대금 상위 70 / 반도체·AI / 등락률 -11.61%,KOSDAQ,반도체·AI,-11.61%,"내일 시가 추격 금지, 장중 눌림 또는 전일 종가 지지 확인",전일 종가/단기 지지선 이탈,분할 익절,눌림목 대기: 오늘 종가 기준 내일 대응 후보,V306 minimal: 종가/거래대금 1차 선별,종가 기준 시장 강도 선별,후속 V307에서 차트지표 연결,후속 V307에서 차트지표 연결,거래대금 우선 선별,-,-,-,-,-,-,-,-,-,-,-,-,기존 리포트 엔진 병합 예정,기존 뉴스 엔진 병합 예정,종가 기준 변동성 확인
71,하나금융지주,086790,87,A,종가 기준 거래대금 상위 71 / 금융·밸류업 / 등락률 3.78%,KOSPI,금융·밸류업,3.78%,"내일 시가 추격 금지, 장중 눌림 또는 전일 종가 지지 확인",전일 종가/단기 지지선 이탈,분할 익절,진입 후보: 오늘 종가 기준 내일 대응 후보,V306 minimal: 종가/거래대금 1차 선별,종가 기준 시장 강도 선별,후속 V307에서 차트지표 연결,후속 V307에서 차트지표 연결,거래대금 우선 선별,-,-,-,-,-,-,-,-,-,-,-,-,기존 리포트 엔진 병합 예정,기존 뉴스 엔진 병합 예정,종가 기준 변동성 확인
72,심텍,222800,71,B,종가 기준 거래대금 상위 72 / KOSDAQ 종가선별 / 등락률 -20.72%,KOSDAQ,KOSDAQ 종가선별,-20.72%,"내일 시가 추격 금지, 장중 눌림 또는 전일 종가 지지 확인",전일 종가/단기 지지선 이탈,분할 익절,관찰 후보: 오늘 종가 기준 내일 대응 후보,V306 minimal: 종가/거래대금 1차 선별,종가 기준 시장 강도 선별,후속 V307에서 차트지표 연결,후속 V307에서 차트지표 연결,거래대금 우선 선별,-,-,-,-,-,-,-,-,-,-,-,-,기존 리포트 엔진 병합 예정,기존 뉴스 엔진 병합 예정,종가 기준 변동성 확인
73,LG에너지솔루션,373220,83,A,종가 기준 거래대금 상위 73 / 2차전지·소재 / 등락률 1.72%,KOSPI,2차전지·소재,1.72%,"내일 시가 추격 금지, 장중 눌림 또는 전일 종가 지지 확인",전일 종가/단기 지지선 이탈,분할 익절,진입 후보: 오늘 종가 기준 내일 대응 후보,V306 minimal: 종가/거래대금 1차 선별,종가 기준 시장 강도 선별,후속 V307에서 차트지표 연결,후속 V307에서 차트지표 연결,거래대금 우선 선별,-,-,-,-,-,-,-,-,-,-,-,-,기존 리포트 엔진 병합 예정,기존 뉴스 엔진 병합 예정,종가 기준 변동성 확인
74,셀트리온,068270,83,A,종가 기준 거래대금 상위 74 / 바이오·제약 / 등락률 1.20%,KOSPI,바이오·제약,1.20%,"내일 시가 추격 금지, 장중 눌림 또는 전일 종가 지지 확인",전일 종가/단기 지지선 이탈,분할 익절,진입 후보: 오늘 종가 기준 내일 대응 후보,V306 minimal: 종가/거래대금 1차 선별,종가 기준 시장 강도 선별,후속 V307에서 차트지표 연결,후속 V307에서 차트지표 연결,거래대금 우선 선별,-,-,-,-,-,-,-,-,-,-,-,-,기존 리포트 엔진 병합 예정,기존 뉴스 엔진 병합 예정,종가 기준 변동성 확인
75,TIGER 200IT레버리지,243880,71,B,종가 기준 거래대금 상위 75 / KOSPI 종가선별 / 등락률 -20.89%,KOSPI,KOSPI 종가선별,-20.89%,"내일 시가 추격 금지, 장중 눌림 또는 전일 종가 지지 확인",전일 종가/단기 지지선 이탈,분할 익절,관찰 후보: 오늘 종가 기준 내일 대응 후보,V306 minimal: 종가/거래대금 1차 선별,종가 기준 시장 강도 선별,후속 V307에서 차트지표 연결,후속 V307에서 차트지표 연결,거래대금 우선 선별,-,-,-,-,-,-,-,-,-,-,-,-,기존 리포트 엔진 병합 예정,기존 뉴스 엔진 병합 예정,종가 기준 변동성 확인
76,에코프로,086520,71,B,종가 기준 거래대금 상위 76 / 2차전지·소재 / 등락률 -6.56%,KOSDAQ,2차전지·소재,-6.56%,"내일 시가 추격 금지, 장중 눌림 또는 전일 종가 지지 확인",전일 종가/단기 지지선 이탈,분할 익절,관찰 후보: 오늘 종가 기준 내일 대응 후보,V306 minimal: 종가/거래대금 1차 선별,종가 기준 시장 강도 선별,후속 V307에서 차트지표 연결,후속 V307에서 차트지표 연결,거래대금 우선 선별,-,-,-,-,-,-,-,-,-,-,-,-,기존 리포트 엔진 병합 예정,기존 뉴스 엔진 병합 예정,종가 기준 변동성 확인
77,삼성중공업,010140,79,B,종가 기준 거래대금 상위 77 / 조선·해양 / 등락률 -3.37%,KOSPI,조선·해양,-3.37%,"내일 시가 추격 금지, 장중 눌림 또는 전일 종가 지지 확인",전일 종가/단기 지지선 이탈,분할 익절,눌림목 대기: 오늘 종가 기준 내일 대응 후보,V306 minimal: 종가/거래대금 1차 선별,종가 기준 시장 강도 선별,후속 V307에서 차트지표 연결,후속 V307에서 차트지표 연결,거래대금 우선 선별,-,-,-,-,-,-,-,-,-,-,-,-,기존 리포트 엔진 병합 예정,기존 뉴스 엔진 병합 예정,종가 기준 변동성 확인
78,KODEX 머니마켓액티브,488770,83,A,종가 기준 거래대금 상위 78 / KOSPI 종가선별 / 등락률 0.01%,KOSPI,KOSPI 종가선별,0.01%,"내일 시가 추격 금지, 장중 눌림 또는 전일 종가 지지 확인",전일 종가/단기 지지선 이탈,분할 익절,진입 후보: 오늘 종가 기준 내일 대응 후보,V306 minimal: 종가/거래대금 1차 선별,종가 기준 시장 강도 선별,후속 V307에서 차트지표 연결,후속 V307에서 차트지표 연결,거래대금 우선 선별,-,-,-,-,-,-,-,-,-,-,-,-,기존 리포트 엔진 병합 예정,기존 뉴스 엔진 병합 예정,종가 기준 변동성 확인
79,POSCO홀딩스,005490,83,A,종가 기준 거래대금 상위 79 / 2차전지·소재 / 등락률 0.79%,KOSPI,2차전지·소재,0.79%,"내일 시가 추격 금지, 장중 눌림 또는 전일 종가 지지 확인",전일 종가/단기 지지선 이탈,분할 익절,진입 후보: 오늘 종가 기준 내일 대응 후보,V306 minimal: 종가/거래대금 1차 선별,종가 기준 시장 강도 선별,후속 V307에서 차트지표 연결,후속 V307에서 차트지표 연결,거래대금 우선 선별,-,-,-,-,-,-,-,-,-,-,-,-,기존 리포트 엔진 병합 예정,기존 뉴스 엔진 병합 예정,종가 기준 변동성 확인
80,ACE AI반도체TOP3+,469150,71,B,종가 기준 거래대금 상위 80 / KOSPI 종가선별 / 등락률 -11.62%,KOSPI,KOSPI 종가선별,-11.62%,"내일 시가 추격 금지, 장중 눌림 또는 전일 종가 지지 확인",전일 종가/단기 지지선 이탈,분할 익절,관찰 후보: 오늘 종가 기준 내일 대응 후보,V306 minimal: 종가/거래대금 1차 선별,종가 기준 시장 강도 선별,후속 V307에서 차트지표 연결,후속 V307에서 차트지표 연결,거래대금 우선 선별,-,-,-,-,-,-,-,-,-,-,-,-,기존 리포트 엔진 병합 예정,기존 뉴스 엔진 병합 예정,종가 기준 변동성 확인
